,experiment,data_dir,auto_dataset,trans_dataset,num_stacks,d_model,d_ff,num_heads,dropout,autoencoder_dims,l_win,pre_mask,post_mask,batch_size,shuffle,dataloader_num_workers,auto_num_epoch,trans_num_epoch,load_dir,summary_dir,result_dir,checkpoint_dir,best_auto_model,auto_train_time,best_hybrid_model,hybrid_train_time,q_best,precision,recall,F1,inference_time
0,SCADA1_CEN_AUTO_2stacks_128dff_80auto_40trans_0_001lr_64batch,scada1,scada1,new_scada1,2,16,128,1,0.1,80,40,16,24,64,1,4,10,15,default,../experiments/FNet-Hybrid-GPU/SCADA1_CEN_AUTO_2stacks_128dff_80auto_40trans_0_001lr_64batch/scada1/summary/,../experiments/FNet-Hybrid-GPU/SCADA1_CEN_AUTO_2stacks_128dff_80auto_40trans_0_001lr_64batch/scada1/result/,../experiments/FNet-Hybrid-GPU/SCADA1_CEN_AUTO_2stacks_128dff_80auto_40trans_0_001lr_64batch/scada1/checkpoints/,best_autoencoder_8.pth,1.340244996547699,best_hybrid_14.pth,3.7395299037297565,0.1,0.9386915973721689,0.9961970697935204,0.9665897936254508,1.8052672743797302
1,SCADA1_CEN_AUTO_3stacks_128dff_100auto_50trans_0_001lr_64batch,scada1,scada1,new_scada1,3,16,128,1,0.1,100,50,20,30,64,1,4,10,15,default,../experiments/FNet-Hybrid-GPU/SCADA1_CEN_AUTO_3stacks_128dff_100auto_50trans_0_001lr_64batch/scada1/summary/,../experiments/FNet-Hybrid-GPU/SCADA1_CEN_AUTO_3stacks_128dff_100auto_50trans_0_001lr_64batch/scada1/result/,../experiments/FNet-Hybrid-GPU/SCADA1_CEN_AUTO_3stacks_128dff_100auto_50trans_0_001lr_64batch/scada1/checkpoints/,best_autoencoder_8.pth,1.6432951013247172,best_hybrid_14.pth,5.112822842597962,0.1,0.943765925665583,0.999534710589987,0.9708500926469924,1.5353820323944092
2,SCADA2_CEN_AUTO_3stacks_128dff_200auto_100trans_0_001lr_64batch,scada2,scada2,new_scada1,3,16,128,1,0.1,200,100,40,60,64,1,4,10,15,default,../experiments/FNet-Hybrid-GPU/SCADA2_CEN_AUTO_3stacks_128dff_200auto_100trans_0_001lr_64batch/scada2/summary/,../experiments/FNet-Hybrid-GPU/SCADA2_CEN_AUTO_3stacks_128dff_200auto_100trans_0_001lr_64batch/scada2/result/,../experiments/FNet-Hybrid-GPU/SCADA2_CEN_AUTO_3stacks_128dff_200auto_100trans_0_001lr_64batch/scada2/checkpoints/,best_autoencoder_9.pth,4.614603988329569,best_hybrid_14.pth,10.210210931301116,0.1,0.9666337686000608,1.0,0.9830338358200313,2.445017925898234
3,SCADA1_CEN_AUTO_2stacks_128dff_150auto_100trans_0_001lr_64batch,scada1,scada1,new_scada1,2,16,128,1,0.1,150,100,40,60,64,1,4,10,15,default,../experiments/FNet-Hybrid-GPU/SCADA1_CEN_AUTO_2stacks_128dff_150auto_100trans_0_001lr_64batch/scada1/summary/,../experiments/FNet-Hybrid-GPU/SCADA1_CEN_AUTO_2stacks_128dff_150auto_100trans_0_001lr_64batch/scada1/result/,../experiments/FNet-Hybrid-GPU/SCADA1_CEN_AUTO_2stacks_128dff_150auto_100trans_0_001lr_64batch/scada1/checkpoints/,best_autoencoder_8.pth,2.31421103477478,best_hybrid_14.pth,6.634758520126343,0.1,0.9668303969352728,1.0,0.983135504151038,2.7407882769902545
4,SCADA1_CEN_AUTO_2stacks_128dff_120auto_60trans_0_01lr_64batch,scada1,scada1,new_scada1,2,16,128,1,0.1,120,60,24,36,64,1,4,10,15,default,../experiments/FNet-Hybrid-GPU/SCADA1_CEN_AUTO_2stacks_128dff_120auto_60trans_0_01lr_64batch/scada1/summary/,../experiments/FNet-Hybrid-GPU/SCADA1_CEN_AUTO_2stacks_128dff_120auto_60trans_0_01lr_64batch/scada1/result/,../experiments/FNet-Hybrid-GPU/SCADA1_CEN_AUTO_2stacks_128dff_120auto_60trans_0_01lr_64batch/scada1/checkpoints/,best_autoencoder_8.pth,2.097332457701365,best_hybrid_14.pth,4.940722219149271,0.1,0.948350648526269,0.9998215401088605,0.9734061614307898,1.7171139001846314
5,SCADA2_CEN_AUTO_2stacks_128dff_200auto_50trans_0_001lr_64batch,scada2,scada2,new_scada1,2,16,128,1,0.1,200,50,20,30,64,1,4,10,15,default,../experiments/FNet-Hybrid-GPU/SCADA2_CEN_AUTO_2stacks_128dff_200auto_50trans_0_001lr_64batch/scada2/summary/,../experiments/FNet-Hybrid-GPU/SCADA2_CEN_AUTO_2stacks_128dff_200auto_50trans_0_001lr_64batch/scada2/result/,../experiments/FNet-Hybrid-GPU/SCADA2_CEN_AUTO_2stacks_128dff_200auto_50trans_0_001lr_64batch/scada2/checkpoints/,best_autoencoder_9.pth,6.3510067423184715,best_hybrid_13.pth,6.725459428628286,0.1,0.9437826173122233,0.9994403507135529,0.9708144104556213,1.8372883955637613
6,SCADA2_CEN_AUTO_2stacks_128dff_80auto_40trans_0_01lr_64batch,scada2,scada2,new_scada1,2,16,128,1,0.1,80,40,16,24,64,1,4,10,15,default,../experiments/FNet-Hybrid-GPU/SCADA2_CEN_AUTO_2stacks_128dff_80auto_40trans_0_01lr_64batch/scada2/summary/,../experiments/FNet-Hybrid-GPU/SCADA2_CEN_AUTO_2stacks_128dff_80auto_40trans_0_01lr_64batch/scada2/result/,../experiments/FNet-Hybrid-GPU/SCADA2_CEN_AUTO_2stacks_128dff_80auto_40trans_0_01lr_64batch/scada2/checkpoints/,best_autoencoder_9.pth,1.3174172361691794,best_hybrid_14.pth,3.657389458020528,0.1,0.9367471259103193,0.9971478023451403,0.9660042273312315,1.6084189216295879
7,SCADA2_CEN_AUTO_2stacks_128dff_80auto_40trans_0_001lr_64batch,scada2,scada2,new_scada1,2,16,128,1,0.1,80,40,16,24,64,1,4,10,15,default,../experiments/FNet-Hybrid-GPU/SCADA2_CEN_AUTO_2stacks_128dff_80auto_40trans_0_001lr_64batch/scada2/summary/,../experiments/FNet-Hybrid-GPU/SCADA2_CEN_AUTO_2stacks_128dff_80auto_40trans_0_001lr_64batch/scada2/result/,../experiments/FNet-Hybrid-GPU/SCADA2_CEN_AUTO_2stacks_128dff_80auto_40trans_0_001lr_64batch/scada2/checkpoints/,best_autoencoder_9.pth,1.3377029259999593,best_hybrid_13.pth,3.766175405184428,0.1,0.9369309603330741,0.998439823505034,0.966707971912433,1.8577789187431335
8,SCADA2_CEN_AUTO_3stacks_128dff_160auto_80trans_0_001lr_64batch,scada2,scada2,new_scada1,3,16,128,1,0.1,160,80,32,48,64,1,4,10,15,default,../experiments/FNet-Hybrid-GPU/SCADA2_CEN_AUTO_3stacks_128dff_160auto_80trans_0_001lr_64batch/scada2/summary/,../experiments/FNet-Hybrid-GPU/SCADA2_CEN_AUTO_3stacks_128dff_160auto_80trans_0_001lr_64batch/scada2/result/,../experiments/FNet-Hybrid-GPU/SCADA2_CEN_AUTO_3stacks_128dff_160auto_80trans_0_001lr_64batch/scada2/checkpoints/,best_autoencoder_9.pth,3.1918867588043214,best_hybrid_14.pth,7.889130874474843,0.1,0.9585259885204082,1.0,0.9788238646192672,2.173576656977336
9,SCADA1_CEN_AUTO_3stacks_128dff_120auto_60trans_0_001lr_64batch,scada1,scada1,new_scada1,3,16,128,1,0.1,120,60,24,36,64,1,4,10,15,default,../experiments/FNet-Hybrid-GPU/SCADA1_CEN_AUTO_3stacks_128dff_120auto_60trans_0_001lr_64batch/scada1/summary/,../experiments/FNet-Hybrid-GPU/SCADA1_CEN_AUTO_3stacks_128dff_120auto_60trans_0_001lr_64batch/scada1/result/,../experiments/FNet-Hybrid-GPU/SCADA1_CEN_AUTO_3stacks_128dff_120auto_60trans_0_001lr_64batch/scada1/checkpoints/,best_autoencoder_8.pth,2.101369857788086,best_hybrid_14.pth,5.967175249258677,0.1,0.9498580087314034,0.9998215401088605,0.9741995783250375,1.745028551419576
10,SCADA2_CEN_AUTO_2stacks_128dff_120auto_60trans_0_001lr_64batch,scada2,scada2,new_scada1,2,16,128,1,0.1,120,60,24,36,64,1,4,10,15,default,../experiments/FNet-Hybrid-GPU/SCADA2_CEN_AUTO_2stacks_128dff_120auto_60trans_0_001lr_64batch/scada2/summary/,../experiments/FNet-Hybrid-GPU/SCADA2_CEN_AUTO_2stacks_128dff_120auto_60trans_0_001lr_64batch/scada2/result/,../experiments/FNet-Hybrid-GPU/SCADA2_CEN_AUTO_2stacks_128dff_120auto_60trans_0_001lr_64batch/scada2/checkpoints/,best_autoencoder_9.pth,2.12564103603363,best_hybrid_14.pth,4.5329493125279745,0.1,0.9489372512490474,0.9999107700544303,0.9737573861661454,1.976911691824595
11,SCADA1_CEN_AUTO_2stacks_128dff_140auto_70trans_0_001lr_64batch,scada1,scada1,new_scada1,2,16,128,1,0.1,140,70,28,42,64,1,4,10,15,default,../experiments/FNet-Hybrid-GPU/SCADA1_CEN_AUTO_2stacks_128dff_140auto_70trans_0_001lr_64batch/scada1/summary/,../experiments/FNet-Hybrid-GPU/SCADA1_CEN_AUTO_2stacks_128dff_140auto_70trans_0_001lr_64batch/scada1/result/,../experiments/FNet-Hybrid-GPU/SCADA1_CEN_AUTO_2stacks_128dff_140auto_70trans_0_001lr_64batch/scada1/checkpoints/,best_autoencoder_6.pth,2.8684014479319253,best_hybrid_14.pth,5.683667242527008,0.1,0.9559893158002877,1.0,0.9774995273009938,2.130038603146871
12,SCADA2_CEN_AUTO_2stacks_128dff_150auto_50trans_0_01lr_64batch,scada2,scada2,new_scada1,2,16,128,1,0.1,150,50,20,30,64,1,4,10,15,default,../experiments/FNet-Hybrid-GPU/SCADA2_CEN_AUTO_2stacks_128dff_150auto_50trans_0_01lr_64batch/scada2/summary/,../experiments/FNet-Hybrid-GPU/SCADA2_CEN_AUTO_2stacks_128dff_150auto_50trans_0_01lr_64batch/scada2/result/,../experiments/FNet-Hybrid-GPU/SCADA2_CEN_AUTO_2stacks_128dff_150auto_50trans_0_01lr_64batch/scada2/checkpoints/,best_autoencoder_9.pth,3.6177234927813213,best_hybrid_14.pth,5.418450212478637,0.1,0.9427228603430479,0.9997903759258396,0.9704183480845965,1.5861057917277017
13,SCADA1_CEN_AUTO_2stacks_128dff_100auto_25trans_0_001lr_64batch,scada1,scada1,new_scada1,2,16,128,1,0.1,100,25,10,15,64,1,10,10,15,default,../experiments/FNet-Hybrid-GPU/SCADA1_CEN_AUTO_2stacks_128dff_100auto_25trans_0_001lr_64batch/scada1/summary/,../experiments/FNet-Hybrid-GPU/SCADA1_CEN_AUTO_2stacks_128dff_100auto_25trans_0_001lr_64batch/scada1/result/,../experiments/FNet-Hybrid-GPU/SCADA1_CEN_AUTO_2stacks_128dff_100auto_25trans_0_001lr_64batch/scada1/checkpoints/,best_autoencoder_9.pth,2.1267411589622496,best_hybrid_14.pth,3.911707862218221,0.1,0.925281093664867,0.9882555217563814,0.9557320645153039,1.4941373109817504
14,SCADA1_CEN_AUTO_2stacks_128dff_180auto_90trans_0_001lr_64batch,scada1,scada1,new_scada1,2,16,128,1,0.1,180,90,36,54,64,1,4,10,15,default,../experiments/FNet-Hybrid-GPU/SCADA1_CEN_AUTO_2stacks_128dff_180auto_90trans_0_001lr_64batch/scada1/summary/,../experiments/FNet-Hybrid-GPU/SCADA1_CEN_AUTO_2stacks_128dff_180auto_90trans_0_001lr_64batch/scada1/result/,../experiments/FNet-Hybrid-GPU/SCADA1_CEN_AUTO_2stacks_128dff_180auto_90trans_0_001lr_64batch/scada1/checkpoints/,best_autoencoder_8.pth,4.010339740912119,best_hybrid_13.pth,6.8846696774164835,0.1,0.9628003651974592,1.0,0.9810476727729779,2.4311890681584676
15,SCADA2_CEN_AUTO_3stacks_128dff_180auto_90trans_0_001lr_64batch,scada2,scada2,new_scada1,3,16,128,1,0.1,180,90,36,54,64,1,4,10,15,default,../experiments/FNet-Hybrid-GPU/SCADA2_CEN_AUTO_3stacks_128dff_180auto_90trans_0_001lr_64batch/scada2/summary/,../experiments/FNet-Hybrid-GPU/SCADA2_CEN_AUTO_3stacks_128dff_180auto_90trans_0_001lr_64batch/scada2/result/,../experiments/FNet-Hybrid-GPU/SCADA2_CEN_AUTO_3stacks_128dff_180auto_90trans_0_001lr_64batch/scada2/checkpoints/,best_autoencoder_9.pth,3.9881810943285623,best_hybrid_14.pth,9.104173322518667,0.1,0.9631371329744856,1.0,0.9812224696857214,2.127015515168508
16,SCADA2_CEN_AUTO_2stacks_128dff_180auto_90trans_0_01lr_64batch,scada2,scada2,new_scada1,2,16,128,1,0.1,180,90,36,54,64,1,4,10,15,default,../experiments/FNet-Hybrid-GPU/SCADA2_CEN_AUTO_2stacks_128dff_180auto_90trans_0_01lr_64batch/scada2/summary/,../experiments/FNet-Hybrid-GPU/SCADA2_CEN_AUTO_2stacks_128dff_180auto_90trans_0_01lr_64batch/scada2/result/,../experiments/FNet-Hybrid-GPU/SCADA2_CEN_AUTO_2stacks_128dff_180auto_90trans_0_01lr_64batch/scada2/checkpoints/,best_autoencoder_9.pth,3.991006867090861,best_hybrid_13.pth,7.633237091700236,0.1,0.9630809886522618,1.0,0.9811933325414737,2.1616137266159057
17,SCADA2_CEN_AUTO_3stacks_128dff_140auto_70trans_0_001lr_64batch,scada2,scada2,new_scada1,3,16,128,1,0.1,140,70,28,42,64,1,4,10,15,default,../experiments/FNet-Hybrid-GPU/SCADA2_CEN_AUTO_3stacks_128dff_140auto_70trans_0_001lr_64batch/scada2/summary/,../experiments/FNet-Hybrid-GPU/SCADA2_CEN_AUTO_3stacks_128dff_140auto_70trans_0_001lr_64batch/scada2/result/,../experiments/FNet-Hybrid-GPU/SCADA2_CEN_AUTO_3stacks_128dff_140auto_70trans_0_001lr_64batch/scada2/checkpoints/,best_autoencoder_9.pth,2.6245746413866677,best_hybrid_14.pth,6.97386296192805,0.1,0.9539199803129422,0.999742090784044,0.9762936688669445,1.7970740755399068
18,SCADA1_CEN_AUTO_3stacks_128dff_150auto_100trans_0_001lr_64batch,scada1,scada1,new_scada1,3,16,128,1,0.1,150,100,40,60,64,1,4,10,15,default,../experiments/FNet-Hybrid-GPU/SCADA1_CEN_AUTO_3stacks_128dff_150auto_100trans_0_001lr_64batch/scada1/summary/,../experiments/FNet-Hybrid-GPU/SCADA1_CEN_AUTO_3stacks_128dff_150auto_100trans_0_001lr_64batch/scada1/result/,../experiments/FNet-Hybrid-GPU/SCADA1_CEN_AUTO_3stacks_128dff_150auto_100trans_0_001lr_64batch/scada1/checkpoints/,best_autoencoder_8.pth,2.155466675758362,best_hybrid_13.pth,8.616157408555349,0.1,0.9673624288425048,1.0,0.9834104938271606,2.4000382661819457
19,SCADA1_CEN_AUTO_2stacks_128dff_200auto_50trans_0_01lr_64batch,scada1,scada1,new_scada1,2,16,128,1,0.1,200,50,20,30,64,1,4,10,15,default,../experiments/FNet-Hybrid-GPU/SCADA1_CEN_AUTO_2stacks_128dff_200auto_50trans_0_01lr_64batch/scada1/summary/,../experiments/FNet-Hybrid-GPU/SCADA1_CEN_AUTO_2stacks_128dff_200auto_50trans_0_01lr_64batch/scada1/result/,../experiments/FNet-Hybrid-GPU/SCADA1_CEN_AUTO_2stacks_128dff_200auto_50trans_0_01lr_64batch/scada1/checkpoints/,best_autoencoder_8.pth,6.293534664312999,best_hybrid_14.pth,7.124079481760661,0.1,0.9435947093906116,0.999813450237851,0.9708909344111952,1.5846124609311423
20,SCADA2_CEN_AUTO_2stacks_128dff_150auto_100trans_0_001lr_64batch,scada2,scada2,new_scada1,2,16,128,1,0.1,150,100,40,60,64,1,4,10,15,default,../experiments/FNet-Hybrid-GPU/SCADA2_CEN_AUTO_2stacks_128dff_150auto_100trans_0_001lr_64batch/scada2/summary/,../experiments/FNet-Hybrid-GPU/SCADA2_CEN_AUTO_2stacks_128dff_150auto_100trans_0_001lr_64batch/scada2/result/,../experiments/FNet-Hybrid-GPU/SCADA2_CEN_AUTO_2stacks_128dff_150auto_100trans_0_001lr_64batch/scada2/checkpoints/,best_autoencoder_9.pth,2.18855961561203,best_hybrid_14.pth,6.159531017144521,0.1,0.9680972274971515,1.0,0.9837900424546507,2.65023086865743
21,SCADA2_CEN_AUTO_2stacks_128dff_160auto_80trans_0_001lr_64batch,scada2,scada2,new_scada1,2,16,128,1,0.1,160,80,32,48,64,1,4,10,15,default,../experiments/FNet-Hybrid-GPU/SCADA2_CEN_AUTO_2stacks_128dff_160auto_80trans_0_001lr_64batch/scada2/summary/,../experiments/FNet-Hybrid-GPU/SCADA2_CEN_AUTO_2stacks_128dff_160auto_80trans_0_001lr_64batch/scada2/result/,../experiments/FNet-Hybrid-GPU/SCADA2_CEN_AUTO_2stacks_128dff_160auto_80trans_0_001lr_64batch/scada2/checkpoints/,best_autoencoder_9.pth,3.2205740491549175,best_hybrid_14.pth,5.906672139962514,0.1,0.9604784918320886,1.0,0.9798408866342736,2.404085389773051
22,SCADA2_CEN_AUTO_2stacks_128dff_120auto_60trans_0_01lr_64batch,scada2,scada2,new_scada1,2,16,128,1,0.1,120,60,24,36,64,1,4,10,15,default,../experiments/FNet-Hybrid-GPU/SCADA2_CEN_AUTO_2stacks_128dff_120auto_60trans_0_01lr_64batch/scada2/summary/,../experiments/FNet-Hybrid-GPU/SCADA2_CEN_AUTO_2stacks_128dff_120auto_60trans_0_01lr_64batch/scada2/result/,../experiments/FNet-Hybrid-GPU/SCADA2_CEN_AUTO_2stacks_128dff_120auto_60trans_0_01lr_64batch/scada2/checkpoints/,best_autoencoder_9.pth,2.1041049003601073,best_hybrid_14.pth,4.9350302139918005,0.1,0.9512935333941722,0.9999107700544303,0.9749964653550416,1.697673459847768
23,SCADA2_CEN_AUTO_2stacks_128dff_180auto_90trans_0_001lr_64batch,scada2,scada2,new_scada1,2,16,128,1,0.1,180,90,36,54,64,1,4,10,15,default,../experiments/FNet-Hybrid-GPU/SCADA2_CEN_AUTO_2stacks_128dff_180auto_90trans_0_001lr_64batch/scada2/summary/,../experiments/FNet-Hybrid-GPU/SCADA2_CEN_AUTO_2stacks_128dff_180auto_90trans_0_001lr_64batch/scada2/result/,../experiments/FNet-Hybrid-GPU/SCADA2_CEN_AUTO_2stacks_128dff_180auto_90trans_0_001lr_64batch/scada2/checkpoints/,best_autoencoder_9.pth,4.01686753431956,best_hybrid_14.pth,6.912812558809916,0.1,0.9639050952936601,1.0,0.9816208508278539,2.3813654939333597
24,SCADA1_CEN_AUTO_2stacks_128dff_150auto_50trans_0_01lr_64batch,scada1,scada1,new_scada1,2,16,128,1,0.1,150,50,20,30,64,1,4,10,15,default,../experiments/FNet-Hybrid-GPU/SCADA1_CEN_AUTO_2stacks_128dff_150auto_50trans_0_01lr_64batch/scada1/summary/,../experiments/FNet-Hybrid-GPU/SCADA1_CEN_AUTO_2stacks_128dff_150auto_50trans_0_01lr_64batch/scada1/result/,../experiments/FNet-Hybrid-GPU/SCADA1_CEN_AUTO_2stacks_128dff_150auto_50trans_0_01lr_64batch/scada1/checkpoints/,best_autoencoder_7.pth,3.608628424008687,best_hybrid_14.pth,5.404562242825826,0.1,0.9434592480277759,1.0,0.9709071584446127,1.5868707458178202
25,SCADA2_CEN_AUTO_2stacks_128dff_200auto_100trans_0_01lr_64batch,scada2,scada2,new_scada1,2,16,128,1,0.1,200,100,40,60,64,1,4,10,15,default,../experiments/FNet-Hybrid-GPU/SCADA2_CEN_AUTO_2stacks_128dff_200auto_100trans_0_01lr_64batch/scada2/summary/,../experiments/FNet-Hybrid-GPU/SCADA2_CEN_AUTO_2stacks_128dff_200auto_100trans_0_01lr_64batch/scada2/result/,../experiments/FNet-Hybrid-GPU/SCADA2_CEN_AUTO_2stacks_128dff_200auto_100trans_0_01lr_64batch/scada2/checkpoints/,best_autoencoder_9.pth,4.651431922117869,best_hybrid_14.pth,8.560630488395692,0.1,0.9666154225739718,1.0,0.9830243488163368,2.489867893854777
26,SCADA2_CEN_AUTO_2stacks_128dff_140auto_70trans_0_01lr_64batch,scada2,scada2,new_scada1,2,16,128,1,0.1,140,70,28,42,64,1,4,10,15,default,../experiments/FNet-Hybrid-GPU/SCADA2_CEN_AUTO_2stacks_128dff_140auto_70trans_0_01lr_64batch/scada2/summary/,../experiments/FNet-Hybrid-GPU/SCADA2_CEN_AUTO_2stacks_128dff_140auto_70trans_0_01lr_64batch/scada2/result/,../experiments/FNet-Hybrid-GPU/SCADA2_CEN_AUTO_2stacks_128dff_140auto_70trans_0_01lr_64batch/scada2/checkpoints/,best_autoencoder_9.pth,2.6246134757995607,best_hybrid_13.pth,5.7165832877159115,0.1,0.9547338613698855,1.0,0.976842812454074,1.7918591936429342
27,SCADA1_CEN_AUTO_2stacks_128dff_160auto_80trans_0_01lr_64batch,scada1,scada1,new_scada1,2,16,128,1,0.1,160,80,32,48,64,1,4,10,15,default,../experiments/FNet-Hybrid-GPU/SCADA1_CEN_AUTO_2stacks_128dff_160auto_80trans_0_01lr_64batch/scada1/summary/,../experiments/FNet-Hybrid-GPU/SCADA1_CEN_AUTO_2stacks_128dff_160auto_80trans_0_01lr_64batch/scada1/result/,../experiments/FNet-Hybrid-GPU/SCADA1_CEN_AUTO_2stacks_128dff_160auto_80trans_0_01lr_64batch/scada1/checkpoints/,best_autoencoder_9.pth,3.19678175052007,best_hybrid_14.pth,6.430294052759806,0.1,0.958640621885589,1.0,0.9788836309978121,2.1682736317316693
28,SCADA1_CEN_AUTO_2stacks_128dff_100auto_25trans_0_01lr_64batch,scada1,scada1,new_scada1,2,16,128,1,0.1,100,25,10,15,64,1,4,10,15,default,../experiments/FNet-Hybrid-GPU/SCADA1_CEN_AUTO_2stacks_128dff_100auto_25trans_0_01lr_64batch/scada1/summary/,../experiments/FNet-Hybrid-GPU/SCADA1_CEN_AUTO_2stacks_128dff_100auto_25trans_0_01lr_64batch/scada1/result/,../experiments/FNet-Hybrid-GPU/SCADA1_CEN_AUTO_2stacks_128dff_100auto_25trans_0_01lr_64batch/scada1/checkpoints/,best_autoencoder_7.pth,2.0652229030927023,best_hybrid_14.pth,3.4991610328356426,0.1,0.9260587769641797,0.9902129347969846,0.9570619591200195,1.2577322761217753
29,SCADA2_CEN_AUTO_2stacks_128dff_150auto_100trans_0_01lr_64batch,scada2,scada2,new_scada1,2,16,128,1,0.1,150,100,40,60,64,1,4,10,15,default,../experiments/FNet-Hybrid-GPU/SCADA2_CEN_AUTO_2stacks_128dff_150auto_100trans_0_01lr_64batch/scada2/summary/,../experiments/FNet-Hybrid-GPU/SCADA2_CEN_AUTO_2stacks_128dff_150auto_100trans_0_01lr_64batch/scada2/result/,../experiments/FNet-Hybrid-GPU/SCADA2_CEN_AUTO_2stacks_128dff_150auto_100trans_0_01lr_64batch/scada2/checkpoints/,best_autoencoder_9.pth,2.153223816553752,best_hybrid_14.pth,6.905096073945363,0.1,0.9667203944249549,1.0,0.9830786289350624,2.394669250647227
30,SCADA1_CEN_AUTO_2stacks_128dff_80auto_40trans_0_01lr_64batch,scada1,scada1,new_scada1,2,16,128,1,0.1,80,40,16,24,64,1,4,10,15,default,../experiments/FNet-Hybrid-GPU/SCADA1_CEN_AUTO_2stacks_128dff_80auto_40trans_0_01lr_64batch/scada1/summary/,../experiments/FNet-Hybrid-GPU/SCADA1_CEN_AUTO_2stacks_128dff_80auto_40trans_0_01lr_64batch/scada1/result/,../experiments/FNet-Hybrid-GPU/SCADA1_CEN_AUTO_2stacks_128dff_80auto_40trans_0_01lr_64batch/scada1/checkpoints/,best_autoencoder_7.pth,1.3022712469100952,best_hybrid_14.pth,3.6202690879503887,0.1,0.9369383788727563,0.9989273786597109,0.9669403936004531,1.587684174378713
31,SCADA2_CEN_AUTO_2stacks_128dff_160auto_80trans_0_01lr_64batch,scada2,scada2,new_scada1,2,16,128,1,0.1,160,80,32,48,64,1,4,10,15,default,../experiments/FNet-Hybrid-GPU/SCADA2_CEN_AUTO_2stacks_128dff_160auto_80trans_0_01lr_64batch/scada2/summary/,../experiments/FNet-Hybrid-GPU/SCADA2_CEN_AUTO_2stacks_128dff_160auto_80trans_0_01lr_64batch/scada2/result/,../experiments/FNet-Hybrid-GPU/SCADA2_CEN_AUTO_2stacks_128dff_160auto_80trans_0_01lr_64batch/scada2/checkpoints/,best_autoencoder_9.pth,3.1935640573501587,best_hybrid_14.pth,6.434715632597605,0.1,0.9590229312063808,1.0,0.9790829049824418,2.149904429912567
32,SCADA2_CEN_AUTO_2stacks_128dff_100auto_50trans_0_01lr_64batch,scada2,scada2,new_scada1,2,16,128,1,0.1,100,50,20,30,64,1,4,10,15,default,../experiments/FNet-Hybrid-GPU/SCADA2_CEN_AUTO_2stacks_128dff_100auto_50trans_0_01lr_64batch/scada2/summary/,../experiments/FNet-Hybrid-GPU/SCADA2_CEN_AUTO_2stacks_128dff_100auto_50trans_0_01lr_64batch/scada2/result/,../experiments/FNet-Hybrid-GPU/SCADA2_CEN_AUTO_2stacks_128dff_100auto_50trans_0_01lr_64batch/scada2/checkpoints/,best_autoencoder_9.pth,1.6379620512326558,best_hybrid_14.pth,4.24030970732371,0.1,0.9437362637362637,0.9989763632979713,0.970570950680349,1.5364534258842468
33,SCADA1_CEN_AUTO_2stacks_128dff_200auto_100trans_0_01lr_64batch,scada1,scada1,new_scada1,2,16,128,1,0.1,200,100,40,60,64,1,4,10,15,default,../experiments/FNet-Hybrid-GPU/SCADA1_CEN_AUTO_2stacks_128dff_200auto_100trans_0_01lr_64batch/scada1/summary/,../experiments/FNet-Hybrid-GPU/SCADA1_CEN_AUTO_2stacks_128dff_200auto_100trans_0_01lr_64batch/scada1/result/,../experiments/FNet-Hybrid-GPU/SCADA1_CEN_AUTO_2stacks_128dff_200auto_100trans_0_01lr_64batch/scada1/checkpoints/,best_autoencoder_8.pth,4.608268225193024,best_hybrid_14.pth,8.519682351748148,0.1,0.9666521153225653,1.0,0.9830433230068425,2.429638457298279
34,SCADA2_CEN_AUTO_2stacks_128dff_150auto_50trans_0_001lr_64batch,scada2,scada2,new_scada1,2,16,128,1,0.1,150,50,20,30,64,1,4,10,15,default,../experiments/FNet-Hybrid-GPU/SCADA2_CEN_AUTO_2stacks_128dff_150auto_50trans_0_001lr_64batch/scada2/summary/,../experiments/FNet-Hybrid-GPU/SCADA2_CEN_AUTO_2stacks_128dff_150auto_50trans_0_001lr_64batch/scada2/result/,../experiments/FNet-Hybrid-GPU/SCADA2_CEN_AUTO_2stacks_128dff_150auto_50trans_0_001lr_64batch/scada2/checkpoints/,best_autoencoder_9.pth,3.639059595266978,best_hybrid_14.pth,5.062298353513082,0.1,0.942356659935025,0.9999068337448176,0.9702791275850379,1.813384509086609
35,SCADA1_CEN_AUTO_2stacks_128dff_140auto_70trans_0_01lr_64batch,scada1,scada1,new_scada1,2,16,128,1,0.1,140,70,28,42,64,1,4,10,15,default,../experiments/FNet-Hybrid-GPU/SCADA1_CEN_AUTO_2stacks_128dff_140auto_70trans_0_01lr_64batch/scada1/summary/,../experiments/FNet-Hybrid-GPU/SCADA1_CEN_AUTO_2stacks_128dff_140auto_70trans_0_01lr_64batch/scada1/result/,../experiments/FNet-Hybrid-GPU/SCADA1_CEN_AUTO_2stacks_128dff_140auto_70trans_0_01lr_64batch/scada1/checkpoints/,best_autoencoder_6.pth,2.6232374548912047,best_hybrid_14.pth,5.72449349562327,0.1,0.9546359178481298,1.0,0.9767915437664669,1.8207072178522745
36,SCADA2_CEN_AUTO_2stacks_128dff_50auto_25trans_0_01lr_64batch,scada2,scada2,new_scada1,2,16,128,1,0.1,50,25,10,15,64,1,4,10,15,default,../experiments/FNet-Hybrid-GPU/SCADA2_CEN_AUTO_2stacks_128dff_50auto_25trans_0_01lr_64batch/scada2/summary/,../experiments/FNet-Hybrid-GPU/SCADA2_CEN_AUTO_2stacks_128dff_50auto_25trans_0_01lr_64batch/scada2/result/,../experiments/FNet-Hybrid-GPU/SCADA2_CEN_AUTO_2stacks_128dff_50auto_25trans_0_01lr_64batch/scada2/checkpoints/,best_autoencoder_9.pth,1.1478535811106363,best_hybrid_14.pth,3.4274037361145018,0.1,0.9238407308112402,0.9831197992339189,0.9525589014448611,1.2484109044075011
37,SCADA1_CEN_AUTO_2stacks_128dff_200auto_100trans_0_001lr_64batch,scada1,scada1,new_scada1,2,16,128,1,0.1,200,100,40,60,64,1,4,10,15,default,../experiments/FNet-Hybrid-GPU/SCADA1_CEN_AUTO_2stacks_128dff_200auto_100trans_0_001lr_64batch/scada1/summary/,../experiments/FNet-Hybrid-GPU/SCADA1_CEN_AUTO_2stacks_128dff_200auto_100trans_0_001lr_64batch/scada1/result/,../experiments/FNet-Hybrid-GPU/SCADA1_CEN_AUTO_2stacks_128dff_200auto_100trans_0_001lr_64batch/scada1/checkpoints/,best_autoencoder_9.pth,4.621664226055145,best_hybrid_14.pth,7.800290457407633,0.1,0.9670742822421389,1.0,0.9832615788559184,2.665584417184194
38,SCADA2_CEN_AUTO_3stacks_128dff_200auto_50trans_0_001lr_64batch,scada2,scada2,new_scada1,3,16,128,1,0.1,200,50,20,30,64,1,4,10,15,default,../experiments/FNet-Hybrid-GPU/SCADA2_CEN_AUTO_3stacks_128dff_200auto_50trans_0_001lr_64batch/scada2/summary/,../experiments/FNet-Hybrid-GPU/SCADA2_CEN_AUTO_3stacks_128dff_200auto_50trans_0_001lr_64batch/scada2/result/,../experiments/FNet-Hybrid-GPU/SCADA2_CEN_AUTO_3stacks_128dff_200auto_50trans_0_001lr_64batch/scada2/checkpoints/,best_autoencoder_9.pth,6.30899205605189,best_hybrid_14.pth,8.08339429696401,0.1,0.9461445118587976,1.0,0.9723270868052013,1.6071232875188193
39,SCADA2_CEN_AUTO_2stacks_128dff_200auto_100trans_0_001lr_64batch,scada2,scada2,new_scada1,2,16,128,1,0.1,200,100,40,60,64,1,4,10,15,default,../experiments/FNet-Hybrid-GPU/SCADA2_CEN_AUTO_2stacks_128dff_200auto_100trans_0_001lr_64batch/scada2/summary/,../experiments/FNet-Hybrid-GPU/SCADA2_CEN_AUTO_2stacks_128dff_200auto_100trans_0_001lr_64batch/scada2/result/,../experiments/FNet-Hybrid-GPU/SCADA2_CEN_AUTO_2stacks_128dff_200auto_100trans_0_001lr_64batch/scada2/checkpoints/,best_autoencoder_9.pth,4.644316057364146,best_hybrid_13.pth,7.820749692122141,0.1,0.9664320006072221,1.0,0.9829294888496464,2.653094700972239
40,SCADA1_CEN_AUTO_2stacks_128dff_180auto_90trans_0_01lr_64batch,scada1,scada1,new_scada1,2,16,128,1,0.1,180,90,36,54,64,1,4,10,15,default,../experiments/FNet-Hybrid-GPU/SCADA1_CEN_AUTO_2stacks_128dff_180auto_90trans_0_01lr_64batch/scada1/summary/,../experiments/FNet-Hybrid-GPU/SCADA1_CEN_AUTO_2stacks_128dff_180auto_90trans_0_01lr_64batch/scada1/result/,../experiments/FNet-Hybrid-GPU/SCADA1_CEN_AUTO_2stacks_128dff_180auto_90trans_0_01lr_64batch/scada1/checkpoints/,best_autoencoder_8.pth,3.982921274503072,best_hybrid_14.pth,7.590180118878682,0.1,0.9642613956926908,1.0,0.9818055761897687,2.1250516533851624
41,SCADA1_CEN_AUTO_3stacks_128dff_50auto_25trans_0_001lr_64batch,scada1,scada1,new_scada1,3,16,128,1,0.1,50,25,10,15,64,1,4,10,15,default,../experiments/FNet-Hybrid-GPU/SCADA1_CEN_AUTO_3stacks_128dff_50auto_25trans_0_001lr_64batch/scada1/summary/,../experiments/FNet-Hybrid-GPU/SCADA1_CEN_AUTO_3stacks_128dff_50auto_25trans_0_001lr_64batch/scada1/result/,../experiments/FNet-Hybrid-GPU/SCADA1_CEN_AUTO_3stacks_128dff_50auto_25trans_0_001lr_64batch/scada1/checkpoints/,best_autoencoder_8.pth,1.136820340156555,best_hybrid_14.pth,3.9744755665461224,0.1,0.9227632229362334,0.9862633733984942,0.9534571921087913,1.224927266438802
42,SCADA1_CEN_AUTO_2stacks_128dff_200auto_50trans_0_001lr_64batch,scada1,scada1,new_scada1,2,16,128,1,0.1,200,50,20,30,64,1,4,10,15,default,../experiments/FNet-Hybrid-GPU/SCADA1_CEN_AUTO_2stacks_128dff_200auto_50trans_0_001lr_64batch/scada1/summary/,../experiments/FNet-Hybrid-GPU/SCADA1_CEN_AUTO_2stacks_128dff_200auto_50trans_0_001lr_64batch/scada1/result/,../experiments/FNet-Hybrid-GPU/SCADA1_CEN_AUTO_2stacks_128dff_200auto_50trans_0_001lr_64batch/scada1/checkpoints/,best_autoencoder_9.pth,6.3807513078053795,best_hybrid_14.pth,6.739056619008382,0.1,0.9433248261902667,0.999813450237851,0.9707480528889695,1.8475908597310384
43,SCADA1_CEN_AUTO_2stacks_128dff_150auto_50trans_0_001lr_64batch,scada1,scada1,new_scada1,2,16,128,1,0.1,150,50,20,30,64,1,4,10,15,default,../experiments/FNet-Hybrid-GPU/SCADA1_CEN_AUTO_2stacks_128dff_150auto_50trans_0_001lr_64batch/scada1/summary/,../experiments/FNet-Hybrid-GPU/SCADA1_CEN_AUTO_2stacks_128dff_150auto_50trans_0_001lr_64batch/scada1/result/,../experiments/FNet-Hybrid-GPU/SCADA1_CEN_AUTO_2stacks_128dff_150auto_50trans_0_001lr_64batch/scada1/checkpoints/,best_autoencoder_8.pth,4.024633177121481,best_hybrid_14.pth,5.584778249263763,0.1,0.9434858110038907,0.9997205012344529,0.9707894647562396,1.8632632851600648
44,SCADA1_CEN_AUTO_3stacks_128dff_180auto_90trans_0_001lr_64batch,scada1,scada1,new_scada1,3,16,128,1,0.1,180,90,36,54,64,1,4,10,15,default,../experiments/FNet-Hybrid-GPU/SCADA1_CEN_AUTO_3stacks_128dff_180auto_90trans_0_001lr_64batch/scada1/summary/,../experiments/FNet-Hybrid-GPU/SCADA1_CEN_AUTO_3stacks_128dff_180auto_90trans_0_001lr_64batch/scada1/result/,../experiments/FNet-Hybrid-GPU/SCADA1_CEN_AUTO_3stacks_128dff_180auto_90trans_0_001lr_64batch/scada1/checkpoints/,best_autoencoder_8.pth,3.9859297911326093,best_hybrid_14.pth,9.102905138333638,0.1,0.9637926340761482,1.0,0.9815625309436578,2.140775199731191
45,SCADA1_CEN_AUTO_2stacks_128dff_100auto_50trans_0_001lr_64batch,scada1,scada1,new_scada1,2,16,128,1,0.1,100,50,20,30,64,1,4,10,15,default,../experiments/FNet-Hybrid-GPU/SCADA1_CEN_AUTO_2stacks_128dff_100auto_50trans_0_001lr_64batch/scada1/summary/,../experiments/FNet-Hybrid-GPU/SCADA1_CEN_AUTO_2stacks_128dff_100auto_50trans_0_001lr_64batch/scada1/result/,../experiments/FNet-Hybrid-GPU/SCADA1_CEN_AUTO_2stacks_128dff_100auto_50trans_0_001lr_64batch/scada1/checkpoints/,best_autoencoder_8.pth,1.7714277466138204,best_hybrid_14.pth,4.219916303952535,0.1,0.9447498021282209,0.9996975618834916,0.9714473029796084,1.8438077727953592
46,SCADA1_CEN_AUTO_2stacks_128dff_50auto_25trans_0_001lr_64batch,scada1,scada1,new_scada1,2,16,128,1,0.1,50,25,10,15,64,1,4,10,15,default,../experiments/FNet-Hybrid-GPU/SCADA1_CEN_AUTO_2stacks_128dff_50auto_25trans_0_001lr_64batch/scada1/summary/,../experiments/FNet-Hybrid-GPU/SCADA1_CEN_AUTO_2stacks_128dff_50auto_25trans_0_001lr_64batch/scada1/result/,../experiments/FNet-Hybrid-GPU/SCADA1_CEN_AUTO_2stacks_128dff_50auto_25trans_0_001lr_64batch/scada1/checkpoints/,best_autoencoder_8.pth,1.1967963655789693,best_hybrid_14.pth,3.659219491481781,0.1,0.9226134391272006,0.9829348831065909,0.9518194026987272,1.4497297167778016
47,SCADA1_CEN_AUTO_3stacks_128dff_140auto_70trans_0_001lr_64batch,scada1,scada1,new_scada1,3,16,128,1,0.1,140,70,28,42,64,1,4,10,15,default,../experiments/FNet-Hybrid-GPU/SCADA1_CEN_AUTO_3stacks_128dff_140auto_70trans_0_001lr_64batch/scada1/summary/,../experiments/FNet-Hybrid-GPU/SCADA1_CEN_AUTO_3stacks_128dff_140auto_70trans_0_001lr_64batch/scada1/result/,../experiments/FNet-Hybrid-GPU/SCADA1_CEN_AUTO_3stacks_128dff_140auto_70trans_0_001lr_64batch/scada1/checkpoints/,best_autoencoder_6.pth,2.620263926188151,best_hybrid_14.pth,6.9735115687052405,0.1,0.9555966317518998,1.0,0.9772942090781155,1.8339690923690797
48,SCADA2_CEN_AUTO_2stacks_128dff_100auto_50trans_0_001lr_64batch,scada2,scada2,new_scada1,2,16,128,1,0.1,100,50,20,30,64,1,4,10,15,default,../experiments/FNet-Hybrid-GPU/SCADA2_CEN_AUTO_2stacks_128dff_100auto_50trans_0_001lr_64batch/scada2/summary/,../experiments/FNet-Hybrid-GPU/SCADA2_CEN_AUTO_2stacks_128dff_100auto_50trans_0_001lr_64batch/scada2/result/,../experiments/FNet-Hybrid-GPU/SCADA2_CEN_AUTO_2stacks_128dff_100auto_50trans_0_001lr_64batch/scada2/checkpoints/,best_autoencoder_9.pth,1.6769778728485107,best_hybrid_14.pth,3.921104919910431,0.1,0.9433108568165345,0.9991624790619765,0.970433721600217,1.7728098630905151
49,SCADA2_CEN_AUTO_2stacks_128dff_200auto_50trans_0_01lr_64batch,scada2,scada2,new_scada1,2,16,128,1,0.1,200,50,20,30,64,1,4,10,15,default,../experiments/FNet-Hybrid-GPU/SCADA2_CEN_AUTO_2stacks_128dff_200auto_50trans_0_01lr_64batch/scada2/summary/,../experiments/FNet-Hybrid-GPU/SCADA2_CEN_AUTO_2stacks_128dff_200auto_50trans_0_01lr_64batch/scada2/result/,../experiments/FNet-Hybrid-GPU/SCADA2_CEN_AUTO_2stacks_128dff_200auto_50trans_0_01lr_64batch/scada2/checkpoints/,best_autoencoder_9.pth,6.367468055089315,best_hybrid_13.pth,7.188540927569071,0.1,0.9441631071381391,0.9999533625594628,0.9712577291567575,1.6222977717717488
50,SCADA1_CEN_AUTO_3stacks_128dff_200auto_50trans_0_001lr_64batch,scada1,scada1,new_scada1,3,16,128,1,0.1,200,50,20,30,64,1,4,10,15,default,../experiments/FNet-Hybrid-GPU/SCADA1_CEN_AUTO_3stacks_128dff_200auto_50trans_0_001lr_64batch/scada1/summary/,../experiments/FNet-Hybrid-GPU/SCADA1_CEN_AUTO_3stacks_128dff_200auto_50trans_0_001lr_64batch/scada1/result/,../experiments/FNet-Hybrid-GPU/SCADA1_CEN_AUTO_3stacks_128dff_200auto_50trans_0_001lr_64batch/scada1/checkpoints/,best_autoencoder_8.pth,6.303574275970459,best_hybrid_14.pth,8.075275222460428,0.1,0.9433713204558455,0.9999067251189254,0.9708166361022437,1.6103792270024617
51,SCADA1_CEN_AUTO_3stacks_128dff_100auto_25trans_0_001lr_64batch,scada1,scada1,new_scada1,3,16,128,1,0.1,100,25,10,15,64,1,4,10,15,default,../experiments/FNet-Hybrid-GPU/SCADA1_CEN_AUTO_3stacks_128dff_100auto_25trans_0_001lr_64batch/scada1/summary/,../experiments/FNet-Hybrid-GPU/SCADA1_CEN_AUTO_3stacks_128dff_100auto_25trans_0_001lr_64batch/scada1/result/,../experiments/FNet-Hybrid-GPU/SCADA1_CEN_AUTO_3stacks_128dff_100auto_25trans_0_001lr_64batch/scada1/checkpoints/,best_autoencoder_7.pth,2.0652169307072956,best_hybrid_13.pth,4.227585033575694,0.1,0.9220981756070995,0.9853194021954768,0.9526610572619626,1.2136293649673462
52,SCADA2_CEN_AUTO_2stacks_128dff_100auto_25trans_0_01lr_64batch,scada2,scada2,new_scada1,2,16,128,1,0.1,100,25,10,15,64,1,4,10,15,default,../experiments/FNet-Hybrid-GPU/SCADA2_CEN_AUTO_2stacks_128dff_100auto_25trans_0_01lr_64batch/scada2/summary/,../experiments/FNet-Hybrid-GPU/SCADA2_CEN_AUTO_2stacks_128dff_100auto_25trans_0_01lr_64batch/scada2/result/,../experiments/FNet-Hybrid-GPU/SCADA2_CEN_AUTO_2stacks_128dff_100auto_25trans_0_01lr_64batch/scada2/checkpoints/,best_autoencoder_8.pth,2.063262943426768,best_hybrid_14.pth,3.549898036321004,0.1,0.9241850449246306,0.9876471366221399,0.9548627982507736,1.247434671719869
53,SCADA1_CEN_AUTO_2stacks_128dff_150auto_100trans_0_01lr_64batch,scada1,scada1,new_scada1,2,16,128,1,0.1,150,100,40,60,64,1,4,10,15,default,../experiments/FNet-Hybrid-GPU/SCADA1_CEN_AUTO_2stacks_128dff_150auto_100trans_0_01lr_64batch/scada1/summary/,../experiments/FNet-Hybrid-GPU/SCADA1_CEN_AUTO_2stacks_128dff_150auto_100trans_0_01lr_64batch/scada1/result/,../experiments/FNet-Hybrid-GPU/SCADA1_CEN_AUTO_2stacks_128dff_150auto_100trans_0_01lr_64batch/scada1/checkpoints/,best_autoencoder_8.pth,2.1422061681747437,best_hybrid_14.pth,6.893491474787394,0.1,0.9664821415029954,1.0,0.9829554218725899,2.3974325180053713
54,SCADA2_CEN_AUTO_2stacks_128dff_100auto_25trans_0_001lr_64batch,scada2,scada2,new_scada1,2,16,128,1,0.1,100,25,10,15,64,1,4,10,15,default,../experiments/FNet-Hybrid-GPU/SCADA2_CEN_AUTO_2stacks_128dff_100auto_25trans_0_001lr_64batch/scada2/summary/,../experiments/FNet-Hybrid-GPU/SCADA2_CEN_AUTO_2stacks_128dff_100auto_25trans_0_001lr_64batch/scada2/result/,../experiments/FNet-Hybrid-GPU/SCADA2_CEN_AUTO_2stacks_128dff_100auto_25trans_0_001lr_64batch/scada2/checkpoints/,best_autoencoder_9.pth,2.0839690883954365,best_hybrid_14.pth,3.8395170172055564,0.1,0.923332177702937,0.9862716571882026,0.9537646923401589,1.442145538330078
55,SCADA2_CEN_AUTO_3stacks_128dff_150auto_100trans_0_001lr_64batch,scada2,scada2,new_scada1,3,16,128,1,0.1,150,100,40,60,64,1,4,10,15,default,../experiments/FNet-Hybrid-GPU/SCADA2_CEN_AUTO_3stacks_128dff_150auto_100trans_0_001lr_64batch/scada2/summary/,../experiments/FNet-Hybrid-GPU/SCADA2_CEN_AUTO_3stacks_128dff_150auto_100trans_0_001lr_64batch/scada2/result/,../experiments/FNet-Hybrid-GPU/SCADA2_CEN_AUTO_3stacks_128dff_150auto_100trans_0_001lr_64batch/scada2/checkpoints/,best_autoencoder_9.pth,2.149479365348816,best_hybrid_14.pth,8.59431286652883,0.1,0.9664088565362451,1.0,0.9829175182200286,2.407394623756409
56,SCADA1_CEN_AUTO_2stacks_128dff_120auto_60trans_0_001lr_64batch,scada1,scada1,new_scada1,2,16,128,1,0.1,120,60,24,36,64,1,4,10,15,default,../experiments/FNet-Hybrid-GPU/SCADA1_CEN_AUTO_2stacks_128dff_120auto_60trans_0_001lr_64batch/scada1/summary/,../experiments/FNet-Hybrid-GPU/SCADA1_CEN_AUTO_2stacks_128dff_120auto_60trans_0_001lr_64batch/scada1/result/,../experiments/FNet-Hybrid-GPU/SCADA1_CEN_AUTO_2stacks_128dff_120auto_60trans_0_001lr_64batch/scada1/checkpoints/,best_autoencoder_9.pth,2.2705278197924295,best_hybrid_14.pth,4.820664223035177,0.1,0.9495407979298789,0.998661550816454,0.973481924435988,2.0050632119178773
57,SCADA1_CEN_AUTO_2stacks_128dff_100auto_50trans_0_01lr_64batch,scada1,scada1,new_scada1,2,16,128,1,0.1,100,50,20,30,64,1,4,10,15,default,../experiments/FNet-Hybrid-GPU/SCADA1_CEN_AUTO_2stacks_128dff_100auto_50trans_0_01lr_64batch/scada1/summary/,../experiments/FNet-Hybrid-GPU/SCADA1_CEN_AUTO_2stacks_128dff_100auto_50trans_0_01lr_64batch/scada1/result/,../experiments/FNet-Hybrid-GPU/SCADA1_CEN_AUTO_2stacks_128dff_100auto_50trans_0_01lr_64batch/scada1/checkpoints/,best_autoencoder_8.pth,1.6443846066792807,best_hybrid_14.pth,4.229183252652486,0.1,0.9456129543254422,0.9999069421179974,0.9720023519833552,1.5756962776184082
58,SCADA2_CEN_AUTO_3stacks_128dff_100auto_50trans_0_001lr_64batch,scada2,scada2,new_scada1,3,16,128,1,0.1,100,50,20,30,64,1,4,10,15,default,../experiments/FNet-Hybrid-GPU/SCADA2_CEN_AUTO_3stacks_128dff_100auto_50trans_0_001lr_64batch/scada2/summary/,../experiments/FNet-Hybrid-GPU/SCADA2_CEN_AUTO_3stacks_128dff_100auto_50trans_0_001lr_64batch/scada2/result/,../experiments/FNet-Hybrid-GPU/SCADA2_CEN_AUTO_3stacks_128dff_100auto_50trans_0_001lr_64batch/scada2/checkpoints/,best_autoencoder_9.pth,1.6482746918996176,best_hybrid_14.pth,5.121706656614939,0.1,0.9432728389914196,1.0,0.9708084424017255,1.5774466315905253
59,SCADA1_CEN_AUTO_3stacks_128dff_160auto_80trans_0_001lr_64batch,scada1,scada1,new_scada1,3,16,128,1,0.1,160,80,32,48,64,1,4,10,15,default,../experiments/FNet-Hybrid-GPU/SCADA1_CEN_AUTO_3stacks_128dff_160auto_80trans_0_001lr_64batch/scada1/summary/,../experiments/FNet-Hybrid-GPU/SCADA1_CEN_AUTO_3stacks_128dff_160auto_80trans_0_001lr_64batch/scada1/result/,../experiments/FNet-Hybrid-GPU/SCADA1_CEN_AUTO_3stacks_128dff_160auto_80trans_0_001lr_64batch/scada1/checkpoints/,best_autoencoder_9.pth,3.1915077845255535,best_hybrid_14.pth,7.894912147521973,0.1,0.9588508542833789,1.0,0.9789932216500092,2.1296217401822406
60,SCADA2_CEN_AUTO_3stacks_128dff_50auto_25trans_0_001lr_64batch,scada2,scada2,new_scada1,3,16,128,1,0.1,50,25,10,15,64,1,4,10,15,default,../experiments/FNet-Hybrid-GPU/SCADA2_CEN_AUTO_3stacks_128dff_50auto_25trans_0_001lr_64batch/scada2/summary/,../experiments/FNet-Hybrid-GPU/SCADA2_CEN_AUTO_3stacks_128dff_50auto_25trans_0_001lr_64batch/scada2/result/,../experiments/FNet-Hybrid-GPU/SCADA2_CEN_AUTO_3stacks_128dff_50auto_25trans_0_001lr_64batch/scada2/checkpoints/,best_autoencoder_9.pth,1.1304812987645467,best_hybrid_14.pth,3.9170387466748555,0.1,0.9234614721599724,0.9905956940958922,0.9558512400907445,1.2672797958056132
61,SCADA2_CEN_AUTO_3stacks_128dff_80auto_40trans_0_001lr_64batch,scada2,scada2,new_scada1,3,16,128,1,0.1,80,40,16,24,64,1,4,10,15,default,../experiments/FNet-Hybrid-GPU/SCADA2_CEN_AUTO_3stacks_128dff_80auto_40trans_0_001lr_64batch/scada2/summary/,../experiments/FNet-Hybrid-GPU/SCADA2_CEN_AUTO_3stacks_128dff_80auto_40trans_0_001lr_64batch/scada2/result/,../experiments/FNet-Hybrid-GPU/SCADA2_CEN_AUTO_3stacks_128dff_80auto_40trans_0_001lr_64batch/scada2/checkpoints/,best_autoencoder_9.pth,1.302837061882019,best_hybrid_14.pth,4.372990353902181,0.1,0.9374756837166723,0.9985860900514371,0.9670664337315265,1.6083454608917236
62,SCADA2_CEN_AUTO_2stacks_128dff_50auto_25trans_0_001lr_64batch,scada2,scada2,new_scada1,2,16,128,1,0.1,50,25,10,15,64,1,4,10,15,default,../experiments/FNet-Hybrid-GPU/SCADA2_CEN_AUTO_2stacks_128dff_50auto_25trans_0_001lr_64batch/scada2/summary/,../experiments/FNet-Hybrid-GPU/SCADA2_CEN_AUTO_2stacks_128dff_50auto_25trans_0_001lr_64batch/scada2/result/,../experiments/FNet-Hybrid-GPU/SCADA2_CEN_AUTO_2stacks_128dff_50auto_25trans_0_001lr_64batch/scada2/checkpoints/,best_autoencoder_9.pth,1.2075295925140381,best_hybrid_14.pth,3.737269147237142,0.1,0.9251807139131083,0.9838858803328491,0.9536306841458418,1.4850026885668437
63,SCADA2_CEN_AUTO_2stacks_128dff_140auto_70trans_0_001lr_64batch,scada2,scada2,new_scada1,2,16,128,1,0.1,140,70,28,42,64,1,4,10,15,default,../experiments/FNet-Hybrid-GPU/SCADA2_CEN_AUTO_2stacks_128dff_140auto_70trans_0_001lr_64batch/scada2/summary/,../experiments/FNet-Hybrid-GPU/SCADA2_CEN_AUTO_2stacks_128dff_140auto_70trans_0_001lr_64batch/scada2/result/,../experiments/FNet-Hybrid-GPU/SCADA2_CEN_AUTO_2stacks_128dff_140auto_70trans_0_001lr_64batch/scada2/checkpoints/,best_autoencoder_9.pth,2.643992233276367,best_hybrid_13.pth,5.218562459945678,0.1,0.9554163671834891,0.999914030261348,0.9771588796824298,2.04505349000295
64,SCADA1_CEN_AUTO_3stacks_128dff_150auto_50trans_0_001lr_64batch,scada1,scada1,new_scada1,3,16,128,1,0.1,150,50,20,30,64,1,4,10,15,default,../experiments/FNet-Hybrid-GPU/SCADA1_CEN_AUTO_3stacks_128dff_150auto_50trans_0_001lr_64batch/scada1/summary/,../experiments/FNet-Hybrid-GPU/SCADA1_CEN_AUTO_3stacks_128dff_150auto_50trans_0_001lr_64batch/scada1/result/,../experiments/FNet-Hybrid-GPU/SCADA1_CEN_AUTO_3stacks_128dff_150auto_50trans_0_001lr_64batch/scada1/checkpoints/,best_autoencoder_7.pth,3.610142910480499,best_hybrid_14.pth,6.326554401715597,0.1,0.9422434996486296,0.9993478362137234,0.9699559172600882,1.6018166939417522
65,SCADA1_CEN_AUTO_3stacks_128dff_80auto_40trans_0_001lr_64batch,scada1,scada1,new_scada1,3,16,128,1,0.1,80,40,16,24,64,1,4,10,15,default,../experiments/FNet-Hybrid-GPU/SCADA1_CEN_AUTO_3stacks_128dff_80auto_40trans_0_001lr_64batch/scada1/summary/,../experiments/FNet-Hybrid-GPU/SCADA1_CEN_AUTO_3stacks_128dff_80auto_40trans_0_001lr_64batch/scada1/result/,../experiments/FNet-Hybrid-GPU/SCADA1_CEN_AUTO_3stacks_128dff_80auto_40trans_0_001lr_64batch/scada1/checkpoints/,best_autoencoder_7.pth,1.3080450574556985,best_hybrid_14.pth,4.38365786075592,0.1,0.9375,0.9982691792008971,0.9669307328130718,1.5952224214871724
66,SCADA2_CEN_AUTO_3stacks_128dff_120auto_60trans_0_001lr_64batch,scada2,scada2,new_scada1,3,16,128,1,0.1,120,60,24,36,64,1,4,10,15,default,../experiments/FNet-Hybrid-GPU/SCADA2_CEN_AUTO_3stacks_128dff_120auto_60trans_0_001lr_64batch/scada2/summary/,../experiments/FNet-Hybrid-GPU/SCADA2_CEN_AUTO_3stacks_128dff_120auto_60trans_0_001lr_64batch/scada2/result/,../experiments/FNet-Hybrid-GPU/SCADA2_CEN_AUTO_3stacks_128dff_120auto_60trans_0_001lr_64batch/scada2/checkpoints/,best_autoencoder_9.pth,2.1005441824595135,best_hybrid_14.pth,5.984649789333344,0.1,0.9507807196198235,0.9997323101632908,0.9746422513157322,1.7359013239542642
67,SCADA2_CEN_AUTO_3stacks_128dff_100auto_25trans_0_001lr_64batch,scada2,scada2,new_scada1,3,16,128,1,0.1,100,25,10,15,64,1,4,10,15,default,../experiments/FNet-Hybrid-GPU/SCADA2_CEN_AUTO_3stacks_128dff_100auto_25trans_0_001lr_64batch/scada2/summary/,../experiments/FNet-Hybrid-GPU/SCADA2_CEN_AUTO_3stacks_128dff_100auto_25trans_0_001lr_64batch/scada2/result/,../experiments/FNet-Hybrid-GPU/SCADA2_CEN_AUTO_3stacks_128dff_100auto_25trans_0_001lr_64batch/scada2/checkpoints/,best_autoencoder_8.pth,2.0632956782976786,best_hybrid_14.pth,4.142070384820302,0.1,0.9241812916161292,0.9875942335669885,0.9548360697662523,1.2495375434557596
68,SCADA1_CEN_AUTO_2stacks_128dff_50auto_25trans_0_01lr_64batch,scada1,scada1,new_scada1,2,16,128,1,0.1,50,25,10,15,64,1,4,10,15,default,../experiments/FNet-Hybrid-GPU/SCADA1_CEN_AUTO_2stacks_128dff_50auto_25trans_0_01lr_64batch/scada1/summary/,../experiments/FNet-Hybrid-GPU/SCADA1_CEN_AUTO_2stacks_128dff_50auto_25trans_0_01lr_64batch/scada1/result/,../experiments/FNet-Hybrid-GPU/SCADA1_CEN_AUTO_2stacks_128dff_50auto_25trans_0_01lr_64batch/scada1/checkpoints/,best_autoencoder_8.pth,1.128409731388092,best_hybrid_13.pth,3.3747669657071433,0.1,0.9239698057171142,0.9862105402192577,0.9540761564017377,1.2114198724428813
69,SCADA1_CEN_AUTO_2stacks_128dff_160auto_80trans_0_001lr_64batch,scada1,scada1,new_scada1,2,16,128,1,0.1,160,80,32,48,64,1,4,10,15,default,../experiments/FNet-Hybrid-GPU/SCADA1_CEN_AUTO_2stacks_128dff_160auto_80trans_0_001lr_64batch/scada1/summary/,../experiments/FNet-Hybrid-GPU/SCADA1_CEN_AUTO_2stacks_128dff_160auto_80trans_0_001lr_64batch/scada1/result/,../experiments/FNet-Hybrid-GPU/SCADA1_CEN_AUTO_2stacks_128dff_160auto_80trans_0_001lr_64batch/scada1/checkpoints/,best_autoencoder_9.pth,3.503340800603231,best_hybrid_14.pth,6.334035420417786,0.1,0.9590229312063808,1.0,0.9790829049824418,2.4947917501131696
70,SCADA1_CEN_AUTO_3stacks_128dff_200auto_100trans_0_001lr_64batch,scada1,scada1,new_scada1,3,16,128,1,0.1,200,100,40,60,64,1,4,10,15,default,../experiments/FNet-Hybrid-GPU/SCADA1_CEN_AUTO_3stacks_128dff_200auto_100trans_0_001lr_64batch/scada1/summary/,../experiments/FNet-Hybrid-GPU/SCADA1_CEN_AUTO_3stacks_128dff_200auto_100trans_0_001lr_64batch/scada1/result/,../experiments/FNet-Hybrid-GPU/SCADA1_CEN_AUTO_3stacks_128dff_200auto_100trans_0_001lr_64batch/scada1/checkpoints/,best_autoencoder_8.pth,4.600735990206401,best_hybrid_14.pth,10.185484532515208,0.1,0.9666888108569802,1.0,0.9830622979298365,2.4430649201075236
71,SCADA2_CEN_AUTO_3stacks_128dff_150auto_50trans_0_001lr_64batch,scada2,scada2,new_scada1,3,16,128,1,0.1,150,50,20,30,64,1,4,10,15,default,../experiments/FNet-Hybrid-GPU/SCADA2_CEN_AUTO_3stacks_128dff_150auto_50trans_0_001lr_64batch/scada2/summary/,../experiments/FNet-Hybrid-GPU/SCADA2_CEN_AUTO_3stacks_128dff_150auto_50trans_0_001lr_64batch/scada2/result/,../experiments/FNet-Hybrid-GPU/SCADA2_CEN_AUTO_3stacks_128dff_150auto_50trans_0_001lr_64batch/scada2/checkpoints/,best_autoencoder_9.pth,3.6248060782750446,best_hybrid_14.pth,6.320251027743022,0.1,0.9439799331103679,0.9992546699585411,0.9708311647167976,1.5979971885681152
